{
  "$schema": "./node_modules/nx/schemas/nx-schema.json",
  "npmScope": "kkbets",
  "affected": {
    "defaultBase": "master"
  },
  "implicitDependencies": {
    "package.json": {
      "dependencies": "*",
      "devDependencies": "*"
    },
    ".eslintrc.json": "*"
  },
  "tasksRunnerOptions": {
    "default": {
      "runner": "nx/tasks-runners/default",
      "options": {
        "cacheableOperations": ["build", "lint", "test", "e2e"]
      }
    }
  },
  "targetDefaults": {
    "build": {
      "dependsOn": ["^build"]
    }
  },
  "generators": {
    "@nrwl/react": {
      "application": {
        "style": "styled-components",
        "linter": "eslint",
        "babel": true
      },
      "component": {
        "style": "styled-components"
      },
      "library": {
        "style": "styled-components",
        "linter": "eslint"
      }
    }
  },
  "defaultProject": "kkbets"
}
